Protocol,Flag,Family,Clusters,SeddAddress,ExpAddress,BTC,USD,Netflow Bytes,IP Address,Threat Level,Port,Prediction,Payload Size,Number of Packets,Application Layer Data,User-Agent,Geolocation,Logistics ID,Anomaly Score,Event Description,Response Time,Session ID,Data Transfer Rate,Error Code,SourcePort,DestPort,Label,Time
TCP,FIN,Zero-Day,6,10.0.0.1,200.0.0.1,5.068739228120452,19053.5054029124,486664,10.0.0.1,Zero-Day Attack,60000,Attack Detected,2318,502,Suspicious_Command,Python-Requests/2.28.1,Foreign,SYNTH_LOG_0,0.8070190310892876,Data Exfiltration,138.7522372988366,SYNTH_SESS_0,54.21601613767892,0,64303,55555,Simulated_ZeroDay,2024-09-14 15:04:52.607490
TCP,PSH,Zero-Day,6,10.0.0.1,203.0.113.1,4.153726967571694,34144.41846258211,430470,10.0.0.1,Zero-Day Attack,55555,Attack Detected,1383,1615,Suspicious_Command,Python-Requests/2.28.1,Unknown,SYNTH_LOG_1,0.9598821831103796,Data Exfiltration,484.5304187125532,SYNTH_SESS_1,84.04901134172925,404,63384,55555,Simulated_ZeroDay,2024-12-10 15:04:52.607490
UDP,FIN,Unknown,8,10.0.0.1,203.0.113.1,2.090523131272918,45499.15648150081,741714,10.0.0.1,Zero-Day Attack,50000,Attack Detected,3148,1008,Suspicious_Command,Mozilla/5.0 (Custom),Foreign,SYNTH_LOG_2,0.9324090215473219,Suspicious Activity,259.3620352453494,SYNTH_SESS_2,81.44016276996581,404,56810,31337,Simulated_ZeroDay,2024-12-25 15:04:52.607490
UDP,FIN,Unknown,7,10.0.0.1,200.0.0.1,4.492003425874789,42126.31922789854,777303,10.0.0.1,Zero-Day Attack,60000,Attack Detected,3797,4529,Encrypted_Data,Mozilla/5.0 (Custom),Foreign,SYNTH_LOG_3,0.903954095918124,Suspicious Activity,289.5675201727168,SYNTH_SESS_3,177.32541366707633,0,55604,55555,Simulated_ZeroDay,2025-02-10 15:04:52.607490
UDP,PSH,Unknown,8,172.16.0.1,198.51.100.1,6.8869081384328945,16442.415493157892,949296,10.0.0.1,Zero-Day Attack,55555,Attack Detected,3595,1743,Suspicious_Command,Python-Requests/2.28.1,Unknown,SYNTH_LOG_4,0.8563956802387931,Data Exfiltration,273.24734480754324,SYNTH_SESS_4,95.98753810723272,500,63820,60000,Simulated_ZeroDay,2024-12-21 15:04:52.607490
UDP,PSH,Unknown,5,172.16.0.1,200.0.0.1,8.18528256849263,31781.77318740661,103296,192.168.1.1,Zero-Day Attack,31337,Attack Detected,1329,1656,Encrypted_Data,Python-Requests/2.28.1,Unknown,SYNTH_LOG_5,0.9207879036259521,C2 Communication,177.77771132578664,SYNTH_SESS_5,71.7219095506864,500,51284,50000,Simulated_ZeroDay,2025-01-06 15:04:52.607490
TCP,PSH,Unknown,9,192.168.1.1,203.0.113.1,6.432918824839084,42767.5441387172,374229,10.0.0.1,Zero-Day Attack,55555,Attack Detected,2079,4530,Suspicious_Command,Python-Requests/2.28.1,Unknown,SYNTH_LOG_6,0.953214100027674,Suspicious Activity,255.85107815584425,SYNTH_SESS_6,130.0492505587726,404,51773,31337,Simulated_ZeroDay,2025-07-10 15:04:52.607490
UDP,PSH,Zero-Day,6,192.168.1.1,203.0.113.1,2.542978959821697,19562.796879753107,446152,10.0.0.1,Zero-Day Attack,60000,Attack Detected,2390,2311,Encrypted_Data,Mozilla/5.0 (Custom),Foreign,SYNTH_LOG_7,0.9046676874067636,Data Exfiltration,114.55503325705183,SYNTH_SESS_7,104.79257708416665,0,63346,55555,Simulated_ZeroDay,2024-10-07 15:04:52.607490
TCP,FIN,Zero-Day,7,172.16.0.1,200.0.0.1,6.708366409981009,8732.098188161759,337961,192.168.1.1,Zero-Day Attack,60000,Attack Detected,4728,1234,Suspicious_Command,Mozilla/5.0 (Custom),Foreign,SYNTH_LOG_8,0.8398135430477699,Suspicious Activity,425.7663794417164,SYNTH_SESS_8,68.50021658816804,500,54233,31337,Simulated_ZeroDay,2025-07-19 15:04:52.607490
UDP,RST,Zero-Day,6,172.16.0.1,203.0.113.1,3.557483006997602,14103.071365325222,398733,192.168.1.1,Zero-Day Attack,60000,Attack Detected,1153,624,Encrypted_Data,Python-Requests/2.28.1,Foreign,SYNTH_LOG_9,0.9937614657472768,Suspicious Activity,311.7573008564222,SYNTH_SESS_9,54.42526321853453,0,61935,50000,Simulated_ZeroDay,2024-07-23 15:04:52.607490
TCP,PSH,Zero-Day,5,10.0.0.1,200.0.0.1,8.334870082574472,6061.56213236861,106571,192.168.1.1,Zero-Day Attack,50000,Attack Detected,4135,2819,Suspicious_Command,Mozilla/5.0 (Custom),Unknown,SYNTH_LOG_10,0.8622452406914675,Data Exfiltration,487.1243833016381,SYNTH_SESS_10,143.13239615190707,500,57210,55555,Simulated_ZeroDay,2025-06-25 15:04:52.607490
TCP,PSH,Unknown,8,192.168.1.1,198.51.100.1,7.504124149982489,28563.649569024314,473034,10.0.0.1,Zero-Day Attack,31337,Attack Detected,1412,2978,Encrypted_Data,Python-Requests/2.28.1,Unknown,SYNTH_LOG_11,0.9407727377864801,Suspicious Activity,221.11686521118827,SYNTH_SESS_11,163.5046701697064,404,62804,31337,Simulated_ZeroDay,2024-09-20 15:04:52.607490
TCP,FIN,Unknown,9,172.16.0.1,200.0.0.1,5.869726088995443,48531.14953198707,713463,10.0.0.1,Zero-Day Attack,55555,Attack Detected,3684,2819,Encrypted_Data,Mozilla/5.0 (Custom),Unknown,SYNTH_LOG_12,0.8409993159696276,Data Exfiltration,172.2588582925373,SYNTH_SESS_12,160.0443034221991,500,54319,50000,Simulated_ZeroDay,2024-11-01 15:04:52.607490
UDP,PSH,Zero-Day,7,192.168.1.1,198.51.100.1,3.1267652348524027,41294.47443687649,383802,10.0.0.1,Zero-Day Attack,55555,Attack Detected,1183,1272,Encrypted_Data,Mozilla/5.0 (Custom),Unknown,SYNTH_LOG_13,0.9912852553711685,C2 Communication,404.99727544967334,SYNTH_SESS_13,56.087784940019105,500,56742,60000,Simulated_ZeroDay,2024-12-13 15:04:52.607490
TCP,FIN,Unknown,7,192.168.1.1,200.0.0.1,5.218203698744349,41953.50801870981,814996,192.168.1.1,Zero-Day Attack,60000,Attack Detected,2114,2853,Encrypted_Data,Mozilla/5.0 (Custom),Foreign,SYNTH_LOG_14,0.9010278435087616,Data Exfiltration,231.9430684671786,SYNTH_SESS_14,60.6187817055437,0,50198,31337,Simulated_ZeroDay,2025-03-24 15:04:52.607490
TCP,FIN,Unknown,6,192.168.1.1,198.51.100.1,3.6533646722738045,49880.363961129646,232159,10.0.0.1,Zero-Day Attack,31337,Attack Detected,1883,1133,Suspicious_Command,Mozilla/5.0 (Custom),Foreign,SYNTH_LOG_15,0.8296889594944507,C2 Communication,372.16238695362966,SYNTH_SESS_15,199.17304286620455,500,65212,55555,Simulated_ZeroDay,2025-01-08 15:04:52.607490
UDP,RST,Unknown,7,172.16.0.1,198.51.100.1,4.188367320023048,21574.76009774407,163035,10.0.0.1,Zero-Day Attack,31337,Attack Detected,783,3810,Encrypted_Data,Python-Requests/2.28.1,Foreign,SYNTH_LOG_16,0.9343624836473777,C2 Communication,356.0301725700093,SYNTH_SESS_16,71.23089945110326,404,53798,31337,Simulated_ZeroDay,2024-10-26 15:04:52.607490
UDP,RST,Zero-Day,7,172.16.0.1,198.51.100.1,6.845967248566313,13594.172150730807,848202,192.168.1.1,Zero-Day Attack,55555,Attack Detected,1967,1632,Suspicious_Command,Mozilla/5.0 (Custom),Foreign,SYNTH_LOG_17,0.9014473236686238,Data Exfiltration,170.58516768149008,SYNTH_SESS_17,138.7390384982432,0,64187,55555,Simulated_ZeroDay,2025-01-29 15:04:52.607490
UDP,PSH,Unknown,8,192.168.1.1,203.0.113.1,6.0595309302400215,6711.3348790733,364705,10.0.0.1,Zero-Day Attack,31337,Attack Detected,1218,743,Suspicious_Command,Mozilla/5.0 (Custom),Unknown,SYNTH_LOG_18,0.9497809899496361,C2 Communication,309.14840842082356,SYNTH_SESS_18,64.26944273827351,404,62464,31337,Simulated_ZeroDay,2025-03-04 15:04:52.607490
TCP,PSH,Zero-Day,5,10.0.0.1,200.0.0.1,8.026166478261082,5892.309572930913,822579,10.0.0.1,Zero-Day Attack,60000,Attack Detected,3081,719,Encrypted_Data,Python-Requests/2.28.1,Unknown,SYNTH_LOG_19,0.9530553217060475,Suspicious Activity,189.7146312287097,SYNTH_SESS_19,53.348267136660574,0,65304,50000,Simulated_ZeroDay,2025-03-25 15:04:52.607490
UDP,FIN,Zero-Day,8,172.16.0.1,200.0.0.1,6.179206621885853,15030.177249915256,601133,10.0.0.1,Zero-Day Attack,60000,Attack Detected,1750,3163,Suspicious_Command,Mozilla/5.0 (Custom),Unknown,SYNTH_LOG_20,0.8125889286435177,C2 Communication,332.89836120197543,SYNTH_SESS_20,195.4178952884064,0,62694,55555,Simulated_ZeroDay,2025-05-07 15:04:52.607490
UDP,PSH,Unknown,8,192.168.1.1,200.0.0.1,7.734147408460013,9660.536175586923,504794,192.168.1.1,Zero-Day Attack,55555,Attack Detected,1748,2692,Encrypted_Data,Python-Requests/2.28.1,Foreign,SYNTH_LOG_21,0.9337883125282409,Data Exfiltration,481.1755948086811,SYNTH_SESS_21,62.18101495914517,500,59534,55555,Simulated_ZeroDay,2025-05-25 15:04:52.607490
UDP,RST,Zero-Day,8,172.16.0.1,200.0.0.1,8.743108574955139,38948.4536026219,654354,10.0.0.1,Zero-Day Attack,60000,Attack Detected,1602,4020,Suspicious_Command,Python-Requests/2.28.1,Foreign,SYNTH_LOG_22,0.8619287432336329,Data Exfiltration,161.7740803802234,SYNTH_SESS_22,166.67327040473836,0,63024,31337,Simulated_ZeroDay,2024-09-06 15:04:52.607490
TCP,RST,Zero-Day,7,172.16.0.1,198.51.100.1,4.716018332729526,10134.960746436987,211881,10.0.0.1,Zero-Day Attack,31337,Attack Detected,2086,1987,Encrypted_Data,Python-Requests/2.28.1,Foreign,SYNTH_LOG_23,0.8523348760367442,Suspicious Activity,436.11523010509364,SYNTH_SESS_23,73.36181039147307,0,63579,55555,Simulated_ZeroDay,2025-01-13 15:04:52.607490
TCP,RST,Zero-Day,8,10.0.0.1,200.0.0.1,4.156872358884355,33109.80536754697,455303,192.168.1.1,Zero-Day Attack,50000,Attack Detected,1486,4927,Encrypted_Data,Python-Requests/2.28.1,Unknown,SYNTH_LOG_24,0.9652848084708457,Suspicious Activity,476.4208931109906,SYNTH_SESS_24,69.83106535642676,404,64610,60000,Simulated_ZeroDay,2024-08-28 15:04:52.607490
UDP,PSH,Zero-Day,5,172.16.0.1,200.0.0.1,8.710318927758747,41461.28934841374,584428,10.0.0.1,Zero-Day Attack,55555,Attack Detected,4124,1084,Suspicious_Command,Python-Requests/2.28.1,Unknown,SYNTH_LOG_25,0.8619911097858303,Data Exfiltration,245.88950127249993,SYNTH_SESS_25,146.01831477713202,500,54152,31337,Simulated_ZeroDay,2024-10-20 15:04:52.607490
TCP,FIN,Unknown,9,10.0.0.1,203.0.113.1,2.340682679746188,43611.757308141074,558133,192.168.1.1,Zero-Day Attack,31337,Attack Detected,4053,1840,Suspicious_Command,Python-Requests/2.28.1,Unknown,SYNTH_LOG_26,0.8121358427160759,C2 Communication,293.4356474461557,SYNTH_SESS_26,194.26181336537852,500,54478,50000,Simulated_ZeroDay,2025-04-27 15:04:52.607490
UDP,RST,Zero-Day,6,172.16.0.1,198.51.100.1,1.5538036677180753,43834.347263701886,325617,10.0.0.1,Zero-Day Attack,50000,Attack Detected,4408,3147,Encrypted_Data,Python-Requests/2.28.1,Unknown,SYNTH_LOG_27,0.8737054656201265,Data Exfiltration,261.34618038667577,SYNTH_SESS_27,148.5817397608725,0,64731,60000,Simulated_ZeroDay,2024-12-26 15:04:52.607490
TCP,PSH,Unknown,5,192.168.1.1,203.0.113.1,3.3183795029943757,32772.316974904024,597373,192.168.1.1,Zero-Day Attack,55555,Attack Detected,1815,1277,Suspicious_Command,Python-Requests/2.28.1,Foreign,SYNTH_LOG_28,0.930178463162361,C2 Communication,328.56352191406876,SYNTH_SESS_28,153.08856038196515,500,64603,50000,Simulated_ZeroDay,2025-01-31 15:04:52.607490
UDP,FIN,Unknown,7,10.0.0.1,198.51.100.1,2.2252734299600134,7760.013972892219,599349,10.0.0.1,Zero-Day Attack,55555,Attack Detected,3071,2219,Suspicious_Command,Python-Requests/2.28.1,Unknown,SYNTH_LOG_29,0.901751637367601,C2 Communication,301.499452806775,SYNTH_SESS_29,150.62214414105637,500,62837,50000,Simulated_ZeroDay,2024-10-10 15:04:52.607490
TCP,PSH,Unknown,5,172.16.0.1,198.51.100.1,8.533656665202887,10292.888870311308,373198,10.0.0.1,Zero-Day Attack,50000,Attack Detected,3829,935,Encrypted_Data,Mozilla/5.0 (Custom),Unknown,SYNTH_LOG_30,0.9170236151124549,Data Exfiltration,264.61324113103205,SYNTH_SESS_30,129.63051070248474,0,50346,50000,Simulated_ZeroDay,2024-12-24 15:04:52.607490
TCP,FIN,Zero-Day,8,10.0.0.1,203.0.113.1,2.336169941628463,23702.530430617047,990348,10.0.0.1,Zero-Day Attack,50000,Attack Detected,1713,927,Encrypted_Data,Python-Requests/2.28.1,Foreign,SYNTH_LOG_31,0.8965497074188977,Data Exfiltration,368.24107085799386,SYNTH_SESS_31,186.81638407893593,500,49370,60000,Simulated_ZeroDay,2025-02-27 15:04:52.607490
UDP,RST,Zero-Day,9,192.168.1.1,198.51.100.1,2.6407409033882656,32848.13196488577,804353,10.0.0.1,Zero-Day Attack,50000,Attack Detected,1191,2620,Suspicious_Command,Python-Requests/2.28.1,Foreign,SYNTH_LOG_32,0.9438278174010614,Data Exfiltration,160.50554737907459,SYNTH_SESS_32,180.8496483116571,404,49481,55555,Simulated_ZeroDay,2025-06-16 15:04:52.607490
UDP,FIN,Unknown,5,172.16.0.1,203.0.113.1,7.351129445947552,25265.114384012424,180303,10.0.0.1,Zero-Day Attack,50000,Attack Detected,2530,3038,Suspicious_Command,Mozilla/5.0 (Custom),Foreign,SYNTH_LOG_33,0.8778257343475565,C2 Communication,113.23966598380655,SYNTH_SESS_33,113.1491345409098,0,55602,55555,Simulated_ZeroDay,2025-06-15 15:04:52.607490
UDP,PSH,Unknown,9,192.168.1.1,198.51.100.1,7.45248673304214,40102.63480771429,254475,192.168.1.1,Zero-Day Attack,50000,Attack Detected,1915,2627,Suspicious_Command,Python-Requests/2.28.1,Unknown,SYNTH_LOG_34,0.8961376110306708,Data Exfiltration,273.7832518889404,SYNTH_SESS_34,196.55814734634134,404,51843,60000,Simulated_ZeroDay,2025-03-05 15:04:52.607490
TCP,FIN,Zero-Day,6,10.0.0.1,200.0.0.1,7.7155594819073325,18947.835424303958,223016,192.168.1.1,Zero-Day Attack,50000,Attack Detected,877,941,Suspicious_Command,Python-Requests/2.28.1,Unknown,SYNTH_LOG_35,0.809012410398861,C2 Communication,145.65326278831162,SYNTH_SESS_35,166.59353143536123,0,59433,55555,Simulated_ZeroDay,2025-07-07 15:04:52.607490
UDP,RST,Zero-Day,5,10.0.0.1,198.51.100.1,4.59127917666782,35986.201255330256,573268,10.0.0.1,Zero-Day Attack,50000,Attack Detected,3261,2981,Suspicious_Command,Mozilla/5.0 (Custom),Unknown,SYNTH_LOG_36,0.9331357328681388,Suspicious Activity,497.9433213022782,SYNTH_SESS_36,134.4260495513098,500,61713,31337,Simulated_ZeroDay,2025-07-20 15:04:52.607490
TCP,FIN,Zero-Day,8,172.16.0.1,200.0.0.1,9.43980668969894,40534.30671791801,498925,192.168.1.1,Zero-Day Attack,60000,Attack Detected,4153,683,Encrypted_Data,Python-Requests/2.28.1,Foreign,SYNTH_LOG_37,0.9191503683447051,Suspicious Activity,327.4184020466814,SYNTH_SESS_37,151.8605935934531,0,55766,31337,Simulated_ZeroDay,2024-09-04 15:04:52.607490
UDP,FIN,Unknown,7,10.0.0.1,200.0.0.1,2.1939208761439164,24064.298357336455,554052,192.168.1.1,Zero-Day Attack,55555,Attack Detected,3391,4982,Suspicious_Command,Python-Requests/2.28.1,Foreign,SYNTH_LOG_38,0.9289660275410543,C2 Communication,237.89532141309476,SYNTH_SESS_38,85.71160953620748,500,60407,60000,Simulated_ZeroDay,2024-09-10 15:04:52.607490
TCP,RST,Zero-Day,8,172.16.0.1,203.0.113.1,5.735859741592794,43216.66460287959,213756,192.168.1.1,Zero-Day Attack,50000,Attack Detected,841,2350,Encrypted_Data,Mozilla/5.0 (Custom),Foreign,SYNTH_LOG_39,0.8155763915904114,C2 Communication,112.60010536737597,SYNTH_SESS_39,127.92550274771733,404,54805,55555,Simulated_ZeroDay,2024-08-04 15:04:52.607490
UDP,RST,Zero-Day,9,10.0.0.1,203.0.113.1,3.8295321306611023,40680.08627472282,913176,192.168.1.1,Zero-Day Attack,50000,Attack Detected,847,3008,Encrypted_Data,Python-Requests/2.28.1,Unknown,SYNTH_LOG_40,0.9927506174561294,C2 Communication,185.9628803359708,SYNTH_SESS_40,124.3801807737335,500,59402,31337,Simulated_ZeroDay,2025-02-16 15:04:52.607490
UDP,FIN,Zero-Day,7,172.16.0.1,203.0.113.1,3.561974663811034,25138.85651474279,539098,10.0.0.1,Zero-Day Attack,60000,Attack Detected,3844,1417,Encrypted_Data,Python-Requests/2.28.1,Unknown,SYNTH_LOG_41,0.917780805194995,C2 Communication,324.8200765671786,SYNTH_SESS_41,130.09311261542024,0,58652,31337,Simulated_ZeroDay,2024-09-02 15:04:52.607490
UDP,PSH,Zero-Day,9,192.168.1.1,200.0.0.1,7.655446597445545,13322.057907812643,875891,192.168.1.1,Zero-Day Attack,60000,Attack Detected,2267,3492,Encrypted_Data,Python-Requests/2.28.1,Foreign,SYNTH_LOG_42,0.9747385716102308,Suspicious Activity,176.92688386962908,SYNTH_SESS_42,96.67861189971788,404,52875,55555,Simulated_ZeroDay,2024-08-30 15:04:52.607490
UDP,RST,Zero-Day,7,192.168.1.1,200.0.0.1,1.9769636956478471,6393.783235764478,531930,192.168.1.1,Zero-Day Attack,55555,Attack Detected,4095,1728,Suspicious_Command,Python-Requests/2.28.1,Unknown,SYNTH_LOG_43,0.8488171809689474,C2 Communication,207.98880780366858,SYNTH_SESS_43,176.03419562418725,404,63746,60000,Simulated_ZeroDay,2024-08-10 15:04:52.607490
TCP,FIN,Zero-Day,6,192.168.1.1,203.0.113.1,3.5867067287125827,22407.136043615297,972784,10.0.0.1,Zero-Day Attack,31337,Attack Detected,2072,4710,Encrypted_Data,Python-Requests/2.28.1,Unknown,SYNTH_LOG_44,0.9525967048694794,Suspicious Activity,343.318956926064,SYNTH_SESS_44,86.76054587679798,0,49264,55555,Simulated_ZeroDay,2024-11-13 15:04:52.607490
UDP,FIN,Zero-Day,6,10.0.0.1,198.51.100.1,7.956153631149148,20269.230074728148,771885,10.0.0.1,Zero-Day Attack,55555,Attack Detected,1509,2902,Suspicious_Command,Python-Requests/2.28.1,Foreign,SYNTH_LOG_45,0.9866270146055354,Suspicious Activity,321.18987341805285,SYNTH_SESS_45,108.66957164619704,404,63990,55555,Simulated_ZeroDay,2025-02-13 15:04:52.607490
TCP,RST,Unknown,8,172.16.0.1,203.0.113.1,9.167779836778317,26198.66251148315,881897,192.168.1.1,Zero-Day Attack,55555,Attack Detected,2340,555,Suspicious_Command,Python-Requests/2.28.1,Foreign,SYNTH_LOG_46,0.9432893453615958,C2 Communication,164.1346635914001,SYNTH_SESS_46,113.59233212750685,500,54521,50000,Simulated_ZeroDay,2024-09-28 15:04:52.607490
TCP,PSH,Unknown,7,10.0.0.1,198.51.100.1,1.8864260694735615,39248.240775806975,673448,10.0.0.1,Zero-Day Attack,31337,Attack Detected,3849,4256,Suspicious_Command,Python-Requests/2.28.1,Foreign,SYNTH_LOG_47,0.916667030047288,Suspicious Activity,131.39567322473428,SYNTH_SESS_47,169.59350818126342,404,57220,50000,Simulated_ZeroDay,2024-10-02 15:04:52.607490
UDP,PSH,Zero-Day,5,10.0.0.1,198.51.100.1,9.621639492539051,30077.692800112913,778237,10.0.0.1,Zero-Day Attack,55555,Attack Detected,2373,4058,Suspicious_Command,Python-Requests/2.28.1,Foreign,SYNTH_LOG_48,0.8865120699554772,Suspicious Activity,128.63710184179467,SYNTH_SESS_48,179.6509364667556,404,58151,50000,Simulated_ZeroDay,2025-01-10 15:04:52.607490
UDP,RST,Zero-Day,8,10.0.0.1,198.51.100.1,9.00409418898605,25590.904356012303,996475,192.168.1.1,Zero-Day Attack,55555,Attack Detected,1172,2622,Suspicious_Command,Python-Requests/2.28.1,Unknown,SYNTH_LOG_49,0.8149835737759713,Data Exfiltration,431.308703146505,SYNTH_SESS_49,155.81616894150324,0,57334,50000,Simulated_ZeroDay,2025-05-25 15:04:52.607490
UDP,RST,Zero-Day,8,172.16.0.1,203.0.113.1,4.212218430081149,33632.92039482367,683513,192.168.1.1,Zero-Day Attack,60000,Attack Detected,2409,4688,Suspicious_Command,Mozilla/5.0 (Custom),Unknown,SYNTH_LOG_50,0.9423612334243661,C2 Communication,400.9498147629203,SYNTH_SESS_50,112.26500419578906,404,61567,31337,Simulated_ZeroDay,2025-04-09 15:04:52.607490
TCP,FIN,Zero-Day,5,10.0.0.1,200.0.0.1,6.712619585332791,9443.031198240347,324108,192.168.1.1,Zero-Day Attack,55555,Attack Detected,3530,3309,Encrypted_Data,Mozilla/5.0 (Custom),Foreign,SYNTH_LOG_51,0.8104247394059164,C2 Communication,456.37627097367664,SYNTH_SESS_51,132.77316357514835,0,59588,31337,Simulated_ZeroDay,2024-10-03 15:04:52.607490
TCP,PSH,Zero-Day,6,10.0.0.1,200.0.0.1,4.668688760061226,16000.510500539747,804044,10.0.0.1,Zero-Day Attack,60000,Attack Detected,4527,2007,Encrypted_Data,Mozilla/5.0 (Custom),Foreign,SYNTH_LOG_52,0.925445275931922,Data Exfiltration,179.26415099449707,SYNTH_SESS_52,170.52221132609696,0,51731,50000,Simulated_ZeroDay,2024-08-01 15:04:52.607490
TCP,RST,Unknown,6,192.168.1.1,200.0.0.1,6.09977030042055,43426.65780169308,148028,192.168.1.1,Zero-Day Attack,50000,Attack Detected,503,1081,Encrypted_Data,Python-Requests/2.28.1,Unknown,SYNTH_LOG_53,0.8688712488013215,Data Exfiltration,222.9805761953369,SYNTH_SESS_53,150.25219466887893,500,50897,31337,Simulated_ZeroDay,2025-05-11 15:04:52.607490
TCP,RST,Zero-Day,9,172.16.0.1,203.0.113.1,8.512155468219634,22056.56380735124,755817,192.168.1.1,Zero-Day Attack,31337,Attack Detected,1587,795,Encrypted_Data,Python-Requests/2.28.1,Foreign,SYNTH_LOG_54,0.8139220712745076,C2 Communication,478.46110017672834,SYNTH_SESS_54,187.67827491815103,500,49306,31337,Simulated_ZeroDay,2024-08-24 15:04:52.607490
TCP,PSH,Zero-Day,6,192.168.1.1,203.0.113.1,3.281118598271439,41026.240050454224,725562,10.0.0.1,Zero-Day Attack,50000,Attack Detected,4960,2428,Encrypted_Data,Python-Requests/2.28.1,Unknown,SYNTH_LOG_55,0.8677526407430071,Data Exfiltration,340.22864340771076,SYNTH_SESS_55,141.54939819538097,404,51098,50000,Simulated_ZeroDay,2024-08-17 15:04:52.607490
TCP,PSH,Zero-Day,5,192.168.1.1,203.0.113.1,5.948442087188708,6698.02037974393,625153,192.168.1.1,Zero-Day Attack,60000,Attack Detected,2658,4237,Encrypted_Data,Python-Requests/2.28.1,Foreign,SYNTH_LOG_56,0.8789896204888534,Suspicious Activity,449.71264861546564,SYNTH_SESS_56,179.8863666882514,404,49801,50000,Simulated_ZeroDay,2024-08-24 15:04:52.607490
UDP,FIN,Unknown,8,192.168.1.1,200.0.0.1,3.5173394010666867,30813.28601272763,258774,192.168.1.1,Zero-Day Attack,31337,Attack Detected,3470,1244,Suspicious_Command,Python-Requests/2.28.1,Foreign,SYNTH_LOG_57,0.9077276432435876,Data Exfiltration,497.0414379109249,SYNTH_SESS_57,185.43528890209322,404,54192,31337,Simulated_ZeroDay,2024-09-28 15:04:52.607490
UDP,PSH,Zero-Day,5,10.0.0.1,200.0.0.1,5.0015362421977745,19411.26259259901,351839,192.168.1.1,Zero-Day Attack,60000,Attack Detected,4298,4729,Encrypted_Data,Mozilla/5.0 (Custom),Unknown,SYNTH_LOG_58,0.977380200923576,Suspicious Activity,260.0250789464005,SYNTH_SESS_58,123.95972562517181,500,59400,50000,Simulated_ZeroDay,2024-09-22 15:04:52.607490
UDP,PSH,Zero-Day,9,192.168.1.1,200.0.0.1,5.128066486625447,14312.630673526875,338247,10.0.0.1,Zero-Day Attack,60000,Attack Detected,4940,2915,Suspicious_Command,Python-Requests/2.28.1,Unknown,SYNTH_LOG_59,0.9584811272898158,C2 Communication,269.7503811185358,SYNTH_SESS_59,144.85468159075089,500,51532,55555,Simulated_ZeroDay,2024-09-13 15:04:52.607490
UDP,RST,Zero-Day,5,172.16.0.1,200.0.0.1,7.4718815155932745,11430.943747923619,340382,10.0.0.1,Zero-Day Attack,31337,Attack Detected,3646,4693,Encrypted_Data,Mozilla/5.0 (Custom),Unknown,SYNTH_LOG_60,0.8529062619117408,Suspicious Activity,205.76315681803948,SYNTH_SESS_60,184.9883711365512,0,56562,31337,Simulated_ZeroDay,2024-10-11 15:04:52.607490
UDP,PSH,Zero-Day,8,10.0.0.1,198.51.100.1,2.1386582745194014,5153.373628035888,920629,192.168.1.1,Zero-Day Attack,60000,Attack Detected,1588,913,Suspicious_Command,Python-Requests/2.28.1,Unknown,SYNTH_LOG_61,0.8318829813101858,C2 Communication,201.8224516612059,SYNTH_SESS_61,128.7419617699406,0,52422,60000,Simulated_ZeroDay,2024-12-01 15:04:52.607490
TCP,PSH,Unknown,8,172.16.0.1,203.0.113.1,8.831354940690789,33318.98995959187,345324,10.0.0.1,Zero-Day Attack,50000,Attack Detected,1105,4975,Suspicious_Command,Mozilla/5.0 (Custom),Foreign,SYNTH_LOG_62,0.8655294501141251,Suspicious Activity,498.30834419762067,SYNTH_SESS_62,64.17753983977441,0,58037,55555,Simulated_ZeroDay,2025-01-18 15:04:52.607490
UDP,FIN,Unknown,9,172.16.0.1,203.0.113.1,9.274977284055291,41890.18459574872,971453,192.168.1.1,Zero-Day Attack,55555,Attack Detected,988,4205,Encrypted_Data,Mozilla/5.0 (Custom),Foreign,SYNTH_LOG_63,0.956789366755863,Data Exfiltration,494.12578230318746,SYNTH_SESS_63,187.0735719952035,0,51276,50000,Simulated_ZeroDay,2025-01-15 15:04:52.607490
TCP,RST,Unknown,5,172.16.0.1,200.0.0.1,4.84386145294443,14974.630691095403,531535,192.168.1.1,Zero-Day Attack,60000,Attack Detected,4348,522,Encrypted_Data,Python-Requests/2.28.1,Unknown,SYNTH_LOG_64,0.9301102635816841,C2 Communication,361.24677891518473,SYNTH_SESS_64,89.515919154424,0,50768,31337,Simulated_ZeroDay,2024-08-08 15:04:52.607490
TCP,FIN,Unknown,9,10.0.0.1,203.0.113.1,5.368352709425031,26774.24352357938,857375,192.168.1.1,Zero-Day Attack,55555,Attack Detected,2482,4080,Suspicious_Command,Python-Requests/2.28.1,Unknown,SYNTH_LOG_65,0.8368290451377298,Suspicious Activity,409.03165218721483,SYNTH_SESS_65,93.2966352004128,404,50395,50000,Simulated_ZeroDay,2025-01-05 15:04:52.607490
UDP,RST,Zero-Day,9,172.16.0.1,198.51.100.1,7.831532030974415,16986.327874415943,465247,10.0.0.1,Zero-Day Attack,60000,Attack Detected,1879,4519,Encrypted_Data,Mozilla/5.0 (Custom),Unknown,SYNTH_LOG_66,0.9897022748942983,Data Exfiltration,175.82292185102347,SYNTH_SESS_66,80.87342675744381,0,61246,50000,Simulated_ZeroDay,2024-11-24 15:04:52.607490
UDP,FIN,Unknown,5,172.16.0.1,200.0.0.1,9.8045234896797,6122.537153972393,630710,192.168.1.1,Zero-Day Attack,60000,Attack Detected,1714,1505,Encrypted_Data,Python-Requests/2.28.1,Foreign,SYNTH_LOG_67,0.9541146373894598,Data Exfiltration,111.3689695936579,SYNTH_SESS_67,81.38559179235926,500,63088,60000,Simulated_ZeroDay,2024-12-02 15:04:52.607490
TCP,RST,Zero-Day,7,192.168.1.1,203.0.113.1,2.504088939110894,19246.823652214916,765634,10.0.0.1,Zero-Day Attack,55555,Attack Detected,2681,4740,Encrypted_Data,Mozilla/5.0 (Custom),Unknown,SYNTH_LOG_68,0.9178672332557922,Data Exfiltration,481.25115847741097,SYNTH_SESS_68,167.01949061582923,500,52482,60000,Simulated_ZeroDay,2025-05-29 15:04:52.607490
UDP,FIN,Zero-Day,7,10.0.0.1,203.0.113.1,4.797970962725116,18813.953926216673,828098,10.0.0.1,Zero-Day Attack,55555,Attack Detected,3385,1436,Suspicious_Command,Python-Requests/2.28.1,Foreign,SYNTH_LOG_69,0.8315132511175999,C2 Communication,228.49568480690715,SYNTH_SESS_69,101.70594693938597,404,64167,60000,Simulated_ZeroDay,2025-03-26 15:04:52.607490
TCP,FIN,Unknown,8,10.0.0.1,203.0.113.1,9.535337135012838,21944.68718844175,663703,192.168.1.1,Zero-Day Attack,50000,Attack Detected,946,3211,Encrypted_Data,Python-Requests/2.28.1,Foreign,SYNTH_LOG_70,0.8318584540352926,C2 Communication,196.56847846881942,SYNTH_SESS_70,148.6846200856441,0,55808,55555,Simulated_ZeroDay,2025-03-30 15:04:52.607490
UDP,PSH,Unknown,5,10.0.0.1,203.0.113.1,4.7965660302063515,18164.166400439455,125160,192.168.1.1,Zero-Day Attack,55555,Attack Detected,907,4668,Suspicious_Command,Mozilla/5.0 (Custom),Unknown,SYNTH_LOG_71,0.8425596182211517,Data Exfiltration,233.65775278654635,SYNTH_SESS_71,53.48732803257035,500,58921,55555,Simulated_ZeroDay,2024-08-28 15:04:52.607490
TCP,PSH,Zero-Day,9,172.16.0.1,198.51.100.1,7.8300767073395035,12253.763996712518,971593,192.168.1.1,Zero-Day Attack,60000,Attack Detected,1440,3709,Suspicious_Command,Mozilla/5.0 (Custom),Unknown,SYNTH_LOG_72,0.9929170810612625,Suspicious Activity,142.5183913962997,SYNTH_SESS_72,105.23753082234695,500,53110,60000,Simulated_ZeroDay,2024-09-18 15:04:52.607490
TCP,RST,Zero-Day,6,172.16.0.1,203.0.113.1,6.922689437219697,37213.215372191386,729438,192.168.1.1,Zero-Day Attack,50000,Attack Detected,3107,4649,Encrypted_Data,Mozilla/5.0 (Custom),Unknown,SYNTH_LOG_73,0.9903755396612418,Suspicious Activity,203.20619572594921,SYNTH_SESS_73,130.97649208635045,500,59692,60000,Simulated_ZeroDay,2025-04-05 15:04:52.607490
TCP,PSH,Zero-Day,5,192.168.1.1,200.0.0.1,9.831684595882347,45552.112297537074,332575,10.0.0.1,Zero-Day Attack,50000,Attack Detected,953,1393,Encrypted_Data,Mozilla/5.0 (Custom),Unknown,SYNTH_LOG_74,0.9109616107866334,C2 Communication,497.7927661679117,SYNTH_SESS_74,64.02493768434839,0,64435,50000,Simulated_ZeroDay,2025-02-24 15:04:52.607490
UDP,PSH,Zero-Day,7,10.0.0.1,203.0.113.1,6.784958467927332,42787.02734158529,427233,192.168.1.1,Zero-Day Attack,60000,Attack Detected,2171,4605,Encrypted_Data,Python-Requests/2.28.1,Foreign,SYNTH_LOG_75,0.8825693896333262,C2 Communication,425.47335244336494,SYNTH_SESS_75,159.68360533442132,0,62347,50000,Simulated_ZeroDay,2025-05-25 15:04:52.607490
UDP,PSH,Unknown,8,10.0.0.1,203.0.113.1,6.006336234042232,45788.64208787665,514899,192.168.1.1,Zero-Day Attack,31337,Attack Detected,3986,992,Suspicious_Command,Python-Requests/2.28.1,Unknown,SYNTH_LOG_76,0.9387774910920245,Suspicious Activity,484.0942969258081,SYNTH_SESS_76,110.18887697474649,404,61253,50000,Simulated_ZeroDay,2025-02-21 15:04:52.607490
TCP,RST,Unknown,5,172.16.0.1,198.51.100.1,3.833510838106511,27109.308422945294,286442,10.0.0.1,Zero-Day Attack,31337,Attack Detected,2387,2590,Encrypted_Data,Python-Requests/2.28.1,Foreign,SYNTH_LOG_77,0.9005757384387958,Data Exfiltration,316.25299085040695,SYNTH_SESS_77,179.56935748121373,500,61973,55555,Simulated_ZeroDay,2025-04-06 15:04:52.607490
UDP,PSH,Zero-Day,5,10.0.0.1,200.0.0.1,9.218099027892062,33150.83236763335,470241,10.0.0.1,Zero-Day Attack,50000,Attack Detected,1564,2350,Suspicious_Command,Mozilla/5.0 (Custom),Unknown,SYNTH_LOG_78,0.9228032138258774,Data Exfiltration,485.6928311393839,SYNTH_SESS_78,143.55194729008247,0,61130,60000,Simulated_ZeroDay,2024-12-28 15:04:52.607490
TCP,FIN,Unknown,8,172.16.0.1,203.0.113.1,6.123499122604081,20386.697144355865,433380,10.0.0.1,Zero-Day Attack,31337,Attack Detected,1532,2812,Encrypted_Data,Python-Requests/2.28.1,Foreign,SYNTH_LOG_79,0.9113340945727831,C2 Communication,467.4353020684962,SYNTH_SESS_79,106.81568497683324,404,55518,60000,Simulated_ZeroDay,2025-05-19 15:04:52.607490
TCP,PSH,Zero-Day,5,192.168.1.1,198.51.100.1,9.392642673516638,39867.18642270817,902882,192.168.1.1,Zero-Day Attack,50000,Attack Detected,1160,1873,Suspicious_Command,Mozilla/5.0 (Custom),Unknown,SYNTH_LOG_80,0.8537559203963025,Suspicious Activity,139.40848819517146,SYNTH_SESS_80,136.50949314088797,0,65225,55555,Simulated_ZeroDay,2024-12-11 15:04:52.607490
UDP,RST,Zero-Day,5,172.16.0.1,200.0.0.1,8.257014221958121,37876.135518223404,842861,10.0.0.1,Zero-Day Attack,60000,Attack Detected,3808,1437,Suspicious_Command,Mozilla/5.0 (Custom),Unknown,SYNTH_LOG_81,0.9371635442232624,Suspicious Activity,355.6516420611954,SYNTH_SESS_81,109.4793220178465,500,52554,50000,Simulated_ZeroDay,2024-12-22 15:04:52.607490
TCP,RST,Zero-Day,8,172.16.0.1,203.0.113.1,7.366166860756945,41273.77106162195,232427,10.0.0.1,Zero-Day Attack,50000,Attack Detected,2238,1762,Suspicious_Command,Mozilla/5.0 (Custom),Foreign,SYNTH_LOG_82,0.8535972712870614,Suspicious Activity,298.7084200145388,SYNTH_SESS_82,154.77376098289005,404,57727,55555,Simulated_ZeroDay,2024-09-20 15:04:52.607490
UDP,RST,Zero-Day,8,10.0.0.1,203.0.113.1,6.136894856401669,17273.65459156198,657339,192.168.1.1,Zero-Day Attack,55555,Attack Detected,1557,3079,Encrypted_Data,Python-Requests/2.28.1,Unknown,SYNTH_LOG_83,0.999354411446894,Suspicious Activity,235.24443921983206,SYNTH_SESS_83,116.90723008469,500,65390,60000,Simulated_ZeroDay,2025-04-13 15:04:52.607490
UDP,FIN,Unknown,7,10.0.0.1,198.51.100.1,2.0440726296432046,34027.45724175547,581829,10.0.0.1,Zero-Day Attack,60000,Attack Detected,3897,1442,Suspicious_Command,Python-Requests/2.28.1,Unknown,SYNTH_LOG_84,0.8685580632811211,Suspicious Activity,459.416938349991,SYNTH_SESS_84,51.29030255227519,500,53518,60000,Simulated_ZeroDay,2024-09-09 15:04:52.607490
UDP,RST,Unknown,7,192.168.1.1,200.0.0.1,5.701609636542121,6475.846010106316,188047,10.0.0.1,Zero-Day Attack,50000,Attack Detected,2886,3123,Encrypted_Data,Mozilla/5.0 (Custom),Unknown,SYNTH_LOG_85,0.9975249902652047,Suspicious Activity,388.4688859200434,SYNTH_SESS_85,177.73300995449142,0,51849,50000,Simulated_ZeroDay,2025-03-18 15:04:52.607490
UDP,PSH,Zero-Day,5,10.0.0.1,203.0.113.1,1.676794780000099,31234.702877660686,718633,10.0.0.1,Zero-Day Attack,55555,Attack Detected,4700,3896,Encrypted_Data,Python-Requests/2.28.1,Unknown,SYNTH_LOG_86,0.8315793779069081,Data Exfiltration,382.2598722918601,SYNTH_SESS_86,182.46285010385355,0,53707,55555,Simulated_ZeroDay,2025-01-30 15:04:52.607490
UDP,PSH,Unknown,9,192.168.1.1,198.51.100.1,3.9362273325259216,7544.702449854813,256861,10.0.0.1,Zero-Day Attack,50000,Attack Detected,3223,2897,Suspicious_Command,Mozilla/5.0 (Custom),Foreign,SYNTH_LOG_87,0.828795353052294,Data Exfiltration,401.3987862895531,SYNTH_SESS_87,195.18624654645905,0,63839,31337,Simulated_ZeroDay,2025-01-07 15:04:52.607490
UDP,FIN,Unknown,8,10.0.0.1,203.0.113.1,8.111685564101343,28147.717031379005,989847,10.0.0.1,Zero-Day Attack,31337,Attack Detected,2871,1753,Suspicious_Command,Mozilla/5.0 (Custom),Unknown,SYNTH_LOG_88,0.8685323024421688,Data Exfiltration,401.1419941090359,SYNTH_SESS_88,191.00539313088424,404,64461,55555,Simulated_ZeroDay,2025-03-30 15:04:52.607490
TCP,FIN,Unknown,9,10.0.0.1,203.0.113.1,6.440868313936447,27472.178233665178,613093,10.0.0.1,Zero-Day Attack,55555,Attack Detected,4929,4887,Encrypted_Data,Python-Requests/2.28.1,Unknown,SYNTH_LOG_89,0.8971835707678969,C2 Communication,375.09035918280114,SYNTH_SESS_89,189.81968726844332,404,54811,50000,Simulated_ZeroDay,2024-11-20 15:04:52.607490
UDP,PSH,Zero-Day,9,172.16.0.1,203.0.113.1,5.980553239722337,23343.148374618606,977551,10.0.0.1,Zero-Day Attack,50000,Attack Detected,2410,4091,Suspicious_Command,Mozilla/5.0 (Custom),Foreign,SYNTH_LOG_90,0.9806613267212548,Data Exfiltration,321.19865058937444,SYNTH_SESS_90,180.46210995156864,500,55077,55555,Simulated_ZeroDay,2024-07-22 15:04:52.607490
TCP,PSH,Zero-Day,5,172.16.0.1,200.0.0.1,9.490111170346111,39885.24766867579,930785,10.0.0.1,Zero-Day Attack,50000,Attack Detected,3331,1333,Suspicious_Command,Python-Requests/2.28.1,Foreign,SYNTH_LOG_91,0.9000900875040505,Suspicious Activity,246.200475523304,SYNTH_SESS_91,60.44276457416859,500,60844,31337,Simulated_ZeroDay,2024-09-23 15:04:52.607490
UDP,FIN,Zero-Day,7,192.168.1.1,198.51.100.1,8.732010266284108,37350.339164194695,500062,192.168.1.1,Zero-Day Attack,50000,Attack Detected,602,1167,Encrypted_Data,Mozilla/5.0 (Custom),Unknown,SYNTH_LOG_92,0.9733904478324247,C2 Communication,458.47698726963984,SYNTH_SESS_92,126.65478856983164,404,60687,31337,Simulated_ZeroDay,2025-06-11 15:04:52.607490
TCP,PSH,Unknown,9,10.0.0.1,203.0.113.1,1.348084851720976,27726.523345096404,636624,192.168.1.1,Zero-Day Attack,50000,Attack Detected,2255,3421,Suspicious_Command,Mozilla/5.0 (Custom),Foreign,SYNTH_LOG_93,0.8658461572079255,Data Exfiltration,243.35541875251,SYNTH_SESS_93,121.18185852922811,0,59102,31337,Simulated_ZeroDay,2024-10-28 15:04:52.607490
TCP,PSH,Zero-Day,8,192.168.1.1,203.0.113.1,5.923126933516465,26811.83501528202,850005,192.168.1.1,Zero-Day Attack,50000,Attack Detected,4767,2892,Suspicious_Command,Mozilla/5.0 (Custom),Unknown,SYNTH_LOG_94,0.8229666829097945,C2 Communication,461.937221767315,SYNTH_SESS_94,165.99435191055625,404,55375,60000,Simulated_ZeroDay,2025-07-09 15:04:52.607490
TCP,FIN,Unknown,9,192.168.1.1,198.51.100.1,1.5895930661840822,48394.20789722515,240635,192.168.1.1,Zero-Day Attack,55555,Attack Detected,1216,3769,Suspicious_Command,Python-Requests/2.28.1,Foreign,SYNTH_LOG_95,0.9411060482013148,C2 Communication,245.61431660648458,SYNTH_SESS_95,179.43057021253645,0,49934,55555,Simulated_ZeroDay,2025-03-16 15:04:52.607490
UDP,RST,Zero-Day,8,10.0.0.1,198.51.100.1,5.502378394450928,23141.883919852287,585368,10.0.0.1,Zero-Day Attack,60000,Attack Detected,1623,3829,Encrypted_Data,Python-Requests/2.28.1,Unknown,SYNTH_LOG_96,0.8968833571476037,Suspicious Activity,400.56736517736687,SYNTH_SESS_96,66.4789119596473,0,53418,50000,Simulated_ZeroDay,2024-10-15 15:04:52.607490
TCP,PSH,Zero-Day,8,192.168.1.1,203.0.113.1,1.2681115753068037,28256.06991566958,547304,10.0.0.1,Zero-Day Attack,55555,Attack Detected,832,3362,Encrypted_Data,Mozilla/5.0 (Custom),Unknown,SYNTH_LOG_97,0.9726718146600561,Data Exfiltration,408.0138706276034,SYNTH_SESS_97,118.57846267318206,404,54335,60000,Simulated_ZeroDay,2024-12-18 15:04:52.607490
TCP,FIN,Zero-Day,7,172.16.0.1,203.0.113.1,4.863457773332492,47578.91688940156,576954,10.0.0.1,Zero-Day Attack,50000,Attack Detected,1753,4771,Suspicious_Command,Python-Requests/2.28.1,Foreign,SYNTH_LOG_98,0.8703388663883282,Data Exfiltration,187.53347255254434,SYNTH_SESS_98,53.30184567492589,0,63587,60000,Simulated_ZeroDay,2024-08-24 15:04:52.607490
UDP,PSH,Unknown,9,172.16.0.1,198.51.100.1,7.199297391585013,25740.097718820205,456406,10.0.0.1,Zero-Day Attack,55555,Attack Detected,4937,2837,Encrypted_Data,Mozilla/5.0 (Custom),Unknown,SYNTH_LOG_99,0.8837728392768167,C2 Communication,264.82444309571207,SYNTH_SESS_99,159.5506149622168,500,62436,60000,Simulated_ZeroDay,2024-07-26 15:04:52.607490
